chrom	start	end	observed_overlap	p_value	bonferroni_p	significant
chr1	100	200	100	0.009900990099009901	0.009900990099009901	True
