chrom	start	end	observed_overlap	p_value	significant_bonferroni
chr1	434	821	144	0.023976023976023976	False
chr1	1000	1300	0	1.0	False
chr1	3582	3801	100	0.0999000999000999	False
chr1	8279	8687	0	1.0	False
chr2	1628	2094	0	1.0	False
chr2	4000	4200	100	0.13486513486513488	False
chr2	4464	4778	0	1.0	False
chr2	5323	5782	239	0.1108891108891109	False
chr3	106	594	106	0.0999000999000999	False
chr3	3611	3940	0	1.0	False
chr3	9654	9896	0	1.0	False
